Number of MC iteration,200
Fobs (mean),Fobs (Std. Dev.),kpol (mean),kpol (Std.Dev),Kd (mean),Kd (Std. Dev,kobs @ 100uM dNTP,kobs_err
4.7652736117547245e-05,1.8629861972459328e-06,0.39002024397497409,0.016166711635201583,695.7894445079387,37.274126763908065,0.0490526341457534,0.0016578991477614804
0.0001078590839459416,3.781406047317653e-06,0.87869673483986477,0.034115711261245303,692.29272306229598,31.287862695318566,0.11096849321691739,0.003326300769463181
0.00013701775907208857,2.6299164621937664e-05,1.1180792331981391,0.22184412246870253,692.13795441873049,25.935577020419029,0.14102129034650462,0.027170627681212745
3.9773164448207371e-05,3.7345785837568846e-06,0.3345972485727664,0.078756250820944645,733.71036229008462,448.08186138997416,0.040999736259587659,0.0037201749204815496
