Number of MC iteration,200
Fobs (mean),Fobs (Std. Dev.),kpol (mean),kpol (Std.Dev),Kd (mean),Kd (Std. Dev,kobs @ 100uM dNTP,kobs_err
4.7673397948745255e-05,1.2247788775293416e-06,0.39242292230809528,0.010074014980604748,698.46775945434308,0.013794233975375287,0.049147018330958483,0.0012625163751372062
0.00010751623293701904,2.8260264231707186e-06,0.88372864074782997,0.023161607436512594,697.45090118382461,0.052828009586707456,0.1108193843057572,0.0029117967505869896
0.00013672213219279204,2.6590334945523914e-05,1.1223913737230402,0.21750713673111469,696.67914299888605,0.4905243592838065,0.14090059147401268,0.027390675878196945
4.0095833775954937e-05,3.2513766562816778e-06,0.32983032607650509,0.026756319964425086,698.00758244878773,0.020327002319909408,0.041331804968974942,0.0033517640003496363
